_step,response_length/simulation__barc/min,critic/rewards/max,response_length/simulation__arcagi1/mean,critic/scores/simulation__arcagi1/min,critic/scores/simulation__arcagi2/max,critic/scores/logic__zebra_puzzle_dataset/min,response_length/logic__zebra_puzzle_dataset/clip_ratio,critic/scores/logic__zebra_puzzle_dataset/std,response_length/simulation__arcagi1/min,response_length/logic__ordering_puzzle_dataset/clip_ratio,critic/scores/simulation__barc/min,response_length/simulation__arcagi2/max,response_length/logic__ordering_puzzle_dataset/mean,response_length/mean,critic/scores/simulation__barc/mean,response_length/simulation__barc/max,critic/rewards/mean,response_length/logic__graph_logical_dataset/mean,critic/scores/logic__graph_logical_dataset/min,critic/scores/logic__zebra_puzzle_dataset/mean,critic/scores/logic__graph_logical_dataset/max,critic/scores/simulation__arcagi2/std,response_length/simulation__arcagi1/max,critic/scores/simulation__barc/std,critic/scores/logic__ordering_puzzle_dataset/std,response_length/logic__zebra_puzzle_dataset/min,response_length/simulation__barc/clip_ratio,critic/scores/logic__ordering_puzzle_dataset/mean,response_length/logic__graph_logical_dataset/clip_ratio,response_length/simulation__barc/mean,response_length/simulation__arcagi2/mean,critic/rewards/min,response_length/logic__zebra_puzzle_dataset/max,response_length/simulation__arcagi2/clip_ratio,critic/scores/simulation__arcagi1/std,response_length/min,response_length/logic__ordering_puzzle_dataset/min,response_length/logic__zebra_puzzle_dataset/mean,response_length/logic__graph_logical_dataset/max,response_length/simulation__arcagi2/min,response_length/simulation__arcagi1/clip_ratio,critic/scores/simulation__arcagi1/max,critic/scores/simulation__arcagi2/min,response_length/logic__ordering_puzzle_dataset/max,critic/scores/simulation__arcagi2/mean,critic/scores/logic__graph_logical_dataset/std,response_length/clip_ratio,critic/scores/logic__ordering_puzzle_dataset/min,response_length/logic__graph_logical_dataset/min,critic/scores/simulation__arcagi1/mean,critic/scores/logic__graph_logical_dataset/mean,critic/scores/logic__zebra_puzzle_dataset/max,response_length/max,critic/scores/simulation__barc/max,critic/scores/logic__ordering_puzzle_dataset/max,run_id,run_created_at,run_name
1,1,1,554.703125,0,1,0.0,0.0036157025024294853,0.0882483422756195,75,0.0017123287543654442,0,8192,478.89984130859375,542.0341796875,0.026209676638245583,8192,0.03289446607232094,409.0947265625,0,0.018322035670280457,1,0.13084015250205994,2353,0.15979862213134766,0.22846314311027527,2,0.002016128972172737,0.05522260442376137,0.0019736841786652803,606.710205078125,710.767333984375,0,8192,0.0034722222480922937,0.0883883461356163,1,2,630.3687744140625,8192,2,0.0,1,0,8192,0.0173611119389534,0.17316082119941711,0.0023193359375,0,1,0.0078125,0.030921053141355515,1.0,8192,1,1,90fg2lx2,2025-05-14T10:33:53Z,71130-zhoujun-logic3k-guru18k-models--Qwen--Qwen2.5-7B-think
2,1,1,747.4107055664062,0,1,0.0,0.0028669724706560373,0.08545313775539398,2,0.0036764706019312143,0,8192,527.998779296875,543.8653564453125,0.03099999949336052,8192,0.036284469068050385,356.7140197753906,0,0.019060980528593063,1,0.15967558324337006,3925,0.17336097359657288,0.21595308184623718,2,0.005499999970197678,0.04901960864663124,0.001179245300590992,599.1909790039062,646.0729370117188,0,8192,0.0052083334885537624,0.0,1,1,660.3663940429688,8192,1,0.0,0,0,8192,0.02604166604578495,0.20824328064918518,0.00341796875,0,2,0.0,0.045400943607091904,1.0,8192,1,1,90fg2lx2,2025-05-14T10:33:53Z,71130-zhoujun-logic3k-guru18k-models--Qwen--Qwen2.5-7B-think
3,1,1,653.8562622070312,0,1,0.0,0.0012254902394488454,0.07813885807991028,36,0.004946043249219656,0,6574,509.6879577636719,555.422607421875,0.01182432472705841,8192,0.02818816341459751,395.0893859863281,0,0.01710626482963562,1,0.1376664936542511,8192,0.10811774432659149,0.21593911945819855,1,0.005067567341029644,0.04901079088449478,0.0031250000465661287,638.6912841796875,584.3221435546875,0,8192,0.0,0.2538229823112488,1,1,640.7818603515625,8192,1,0.0062500000931322575,1,0,8192,0.01923076994717121,0.1757221817970276,0.0037841796875,0,1,0.06875000149011612,0.03187499940395355,1.0,8192,1,1,90fg2lx2,2025-05-14T10:33:53Z,71130-zhoujun-logic3k-guru18k-models--Qwen--Qwen2.5-7B-think
4,1,1,644.65625,0,1,0.0,0.0012886597542092204,0.07235963642597198,31,0.0024509804788976908,0,3602,512.6376342773438,550.34765625,0.027935605496168137,8192,0.031417567282915115,446.2056884765625,0,0.014415394514799118,1,0.07216878235340118,4258,0.1648274064064026,0.20898866653442383,2,0.002367424312978983,0.04575163498520851,0.0062500000931322575,599.2627563476562,697.4010620117188,0,8192,0.0,0.12450689822435379,1,1,635.3923950195312,8192,7,0.0,1,0,8192,0.0052083334885537624,0.18296682834625244,0.0029296875,0,1,0.015625,0.034659091383218765,0.7142857313156128,8192,1,1,90fg2lx2,2025-05-14T10:33:53Z,71130-zhoujun-logic3k-guru18k-models--Qwen--Qwen2.5-7B-think
5,1,1,681.609375,0,1,0.0,0.0045045046135783195,0.10352499783039093,1,0.001179245300590992,0,3453,486.6969299316406,534.8382568359375,0.01979166641831398,8192,0.03214764595031738,401.0934143066406,0,0.02384769171476364,1,0.11951453238725662,8192,0.1393200159072876,0.19713819026947021,1,0.0015625000232830644,0.040487419813871384,0.003221649443730712,613.6828002929688,553.5192260742188,0,8192,0.0,0.14319953322410583,1,1,617.3811645507812,8192,37,0.0052083334885537624,1,0,8192,0.014423076994717121,0.21178430318832397,0.00244140625,0,1,0.02083333395421505,0.04703608155250549,1.0,8192,1,1,90fg2lx2,2025-05-14T10:33:53Z,71130-zhoujun-logic3k-guru18k-models--Qwen--Qwen2.5-7B-think
6,1,1,686.8958129882812,0,1,0.0,0.0006443298771046102,0.10216260701417923,4,0.0029761905316263437,0,8192,488.866455078125,519.355712890625,0.027478449046611786,8192,0.045727696269750595,368.5940856933594,0,0.028093622997403145,1,0.20756374299526215,5016,0.16351693868637085,0.24936091899871826,1,0.004310344811528921,0.0665922611951828,0.0019329896895214915,583.9994506835938,693.1375122070312,0,8192,0.0024999999441206455,0.0833333358168602,1,1,585.2835083007812,8192,2,0.0,1,0,8192,0.04500000178813934,0.223776176571846,0.0025634765625,0,2,0.0069444444961845875,0.05283505097031593,1.0,8192,1,1,90fg2lx2,2025-05-14T10:33:53Z,71130-zhoujun-logic3k-guru18k-models--Qwen--Qwen2.5-7B-think
7,1,1,662.2125244140625,0,1,0.0,0.002314814832061529,0.136811763048172,99,0.003264925442636013,0,6999,464.26165771484375,520.1224365234375,0.02083333395421505,8192,0.042842134833335876,361.1413879394531,0,0.04916825518012047,1,0.12426253408193588,7860,0.14285780489444733,0.20583030581474304,4,0.0013297871919348836,0.04430970177054405,0.004854368977248669,591.5576171875,612.10546875,0,8192,0.0,0.17453892529010773,1,1,621.0057983398438,8192,5,0.0,1,0,8192,0.015625,0.25485584139823914,0.002685546875,0,1,0.03125,0.06978155672550201,1.0,8192,1,1,90fg2lx2,2025-05-14T10:33:53Z,71130-zhoujun-logic3k-guru18k-models--Qwen--Qwen2.5-7B-think
8,1,1,430.1625061035156,0,1,0.0,0.0027173913549631834,0.19377584755420685,77,0.0025289016775786877,0,8192,448.552734375,480.6234130859375,0.038942307233810425,8192,0.06923013925552368,341.7137451171875,0,0.10063401609659195,1,0.15967558324337006,1742,0.19350402057170868,0.2825118899345398,2,0.000961538462433964,0.08742774277925491,0.0018749999580904841,556.0091552734375,609.1458129882812,0,8192,0.0052083334885537624,0.11180339753627777,1,2,571.3743286132812,8192,76,0.0,1,0,8192,0.02604166604578495,0.23047588765621185,0.0020751953125,0,8,0.012500000186264515,0.05624999850988388,1.0,8192,1,1,90fg2lx2,2025-05-14T10:33:53Z,71130-zhoujun-logic3k-guru18k-models--Qwen--Qwen2.5-7B-think
9,1,1,609.2386474609375,0,1,0.0,0.0021367522422224283,0.1982118785381317,13,0.0011718750465661287,0,7962,423.04608154296875,471.5157470703125,0.027654867619276047,8192,0.07731559872627258,304.1471252441406,0,0.13427852094173431,1,0.11133462190628052,2877,0.16402730345726013,0.27025434374809265,2,0.0022123893722891808,0.07929687201976776,0.0026041667442768812,544.914794921875,756.2916870117188,0,8192,0.0,0.10629534721374512,1,2,554.7793579101562,8192,47,0.0,1,0,8192,0.012500000186264515,0.2725074589252472,0.0018310546875,0,2,0.011363636702299118,0.0807291641831398,1.0,8192,1,1,90fg2lx2,2025-05-14T10:33:53Z,71130-zhoujun-logic3k-guru18k-models--Qwen--Qwen2.5-7B-think
10,1,1,599.9722290039062,0,1,0.0,0.0,0.21970412135124207,106,0.00042517005931586027,0,8192,379.0323181152344,435.7396240234375,0.04214015230536461,8192,0.09770701825618744,298.9166564941406,0,0.20491169393062592,1,0.2505199611186981,3673,0.20095641911029816,0.2745111584663391,2,0.0018939394503831863,0.08205782622098923,0.0017361111240461469,507.0710144042969,624.8526611328125,0,5213,0.004464285913854837,0.26654645800590515,1,2,529.5772094726562,8192,13,0.0,1,0,8192,0.0669642835855484,0.2883104085922241,0.0010986328125,0,5,0.0763888880610466,0.09143518656492233,1.0,8192,1,1,90fg2lx2,2025-05-14T10:33:53Z,71130-zhoujun-logic3k-guru18k-models--Qwen--Qwen2.5-7B-think
11,2,1,499.4305419921875,0,1,0.0,0.0,0.22168831527233124,70,0.0,0,8192,346.0171813964844,405.9447021484375,0.045693278312683105,8192,0.12286143004894257,284.43377685546875,0,0.28038686513900757,1,0.11951453238725662,2710,0.2088739275932312,0.3005788326263428,4,0.0021008404437452555,0.10039062798023224,0.0012376237427815795,494.03729248046875,557.0721435546875,0,3542,0.004807692486792803,0.0833333358168602,2,10,483.87158203125,8192,9,0.0,1,0,6588,0.014423076994717121,0.3028787076473236,0.0008544921875,0,2,0.0069444444961845875,0.10210396349430084,1.0,8192,1,1,90fg2lx2,2025-05-14T10:33:53Z,71130-zhoujun-logic3k-guru18k-models--Qwen--Qwen2.5-7B-think
12,2,1,448.76251220703125,0,1,0.0,0.0,0.22423063218593597,23,0.0004340277810115367,0,2966,326.2322082519531,353.0498046875,0.07019230723381042,8192,0.16382403671741486,219.28866577148438,0,0.3744482398033142,1,0.09004303067922592,1552,0.25553226470947266,0.34726041555404663,45,0.000480769231216982,0.1401909738779068,0.0,418.85479736328125,475.6576232910156,0,2339,0.0,0.11145126074552536,2,2,394.760986328125,7470,4,0.0,1,0,8192,0.008152173832058907,0.3495694100856781,0.000244140625,0,2,0.012500000186264515,0.14239691197872162,1.0,8192,1,1,90fg2lx2,2025-05-14T10:33:53Z,71130-zhoujun-logic3k-guru18k-models--Qwen--Qwen2.5-7B-think
13,1,1,547.2152709960938,0,1,0.0,0.0,0.2082587033510208,2,0.0003955696302000433,0,3015,320.6795959472656,342.089111328125,0.08193277567625046,4288,0.18139246106147766,254.41036987304688,0,0.42890140414237976,1,0.13084015250205994,8192,0.2743343114852905,0.36428406834602356,44,0.0,0.15743671357631683,0.001179245300590992,397.420166015625,434.1388854980469,0,3926,0.0,0.2773500978946686,1,11,367.4736633300781,8192,35,0.0069444444961845875,1,0,8192,0.0173611119389534,0.33281201124191284,0.00048828125,0,12,0.0833333358168602,0.12676887214183807,1.0,8192,1,1,90fg2lx2,2025-05-14T10:33:53Z,71130-zhoujun-logic3k-guru18k-models--Qwen--Qwen2.5-7B-think
14,9,1,338.8645935058594,0,1,0.0,0.0,0.19010542333126068,58,0.0,0,2811,290.9849853515625,327.281005859375,0.06730769574642181,7843,0.1792556792497635,247.7506103515625,0,0.453764945268631,1,0.17444752156734467,1756,0.250608891248703,0.35287484526634216,8,0.0,0.14569805562496185,0.0,422.35052490234375,427.2239685058594,0,2687,0.0,0.0,8,10,315.7646179199219,5391,31,0.0,0,0,2933,0.03125,0.3685760200023651,0.0,0,11,0.0,0.16201455891132355,1.0,7843,1,1,90fg2lx2,2025-05-14T10:33:53Z,71130-zhoujun-logic3k-guru18k-models--Qwen--Qwen2.5-7B-think
15,1,1,426.0852355957031,0,1,0.0,0.001168224262073636,0.20305348932743073,35,0.0,0,8192,299.90081787109375,308.634521484375,0.08379629999399185,8192,0.211918443441391,245.12322998046875,0,0.5274741053581238,1,0.21840041875839233,1854,0.27714625000953674,0.39363035559654236,1,0.0009259259095415473,0.19157609343528748,0.000589622650295496,354.28240966796875,430.82501220703125,0,8192,0.004166666883975267,0.10629534721374512,1,10,296.019287109375,8192,11,0.0,1,0,6193,0.05000000074505806,0.33281201124191284,0.000732421875,0,12,0.011363636702299118,0.12676887214183807,1.0,8192,1,1,90fg2lx2,2025-05-14T10:33:53Z,71130-zhoujun-logic3k-guru18k-models--Qwen--Qwen2.5-7B-think
16,1,1,384.734375,0,1,0.0,0.003804347710683942,0.19287273287773132,37,0.0,0,1736,298.54876708984375,302.7080078125,0.10096153616905212,8192,0.23823735117912292,242.0244903564453,0,0.49980461597442627,1,0.2057350128889084,1629,0.3013502359390259,0.40035444498062134,2,0.000961538462433964,0.20035460591316223,0.0,341.7735595703125,363.60662841796875,0,8192,0.0,0.17444752156734467,1,9,297.2701110839844,5257,28,0.0,1,0,2583,0.04411764815449715,0.4188998341560364,0.0010986328125,0,11,0.03125,0.22680412232875824,1.0,8192,1,1,90fg2lx2,2025-05-14T10:33:53Z,71130-zhoujun-logic3k-guru18k-models--Qwen--Qwen2.5-7B-think
17,1,1,350.5078125,0,1,0.0,0.0034722222480922937,0.19450296461582184,19,0.000369822490029037,0,1545,305.6531066894531,304.690673828125,0.1277412325143814,4249,0.22785378992557526,297.6862487792969,0,0.5026494264602661,1,0.28579434752464294,2204,0.3338930010795593,0.4138520359992981,7,0.0,0.21930474042892456,0.0006313131307251751,329.2697448730469,345.3660583496094,0,8192,0.0,0.0,1,24,274.99420166015625,8192,19,0.0,0,0,8192,0.0892857164144516,0.2946288287639618,0.0009765625,0,11,0.0,0.09595959633588791,1.0,8192,1,1,90fg2lx2,2025-05-14T10:33:53Z,71130-zhoujun-logic3k-guru18k-models--Qwen--Qwen2.5-7B-think
18,13,1,351.0,0,1,0.0,0.0,0.19672724604606628,32,0.0,0,2922,305.7009582519531,298.418701171875,0.12197580933570862,2811,0.2632256746292114,249.863037109375,0,0.5390453934669495,1,0.2841596305370331,2656,0.32734036445617676,0.43423449993133545,47,0.0,0.2519778609275818,0.0006648935959674418,321.4052429199219,455.01470947265625,0,2560,0.0,0.3320184051990509,7,26,275.7207336425781,8192,13,0.0,1,0,4098,0.0882352963089943,0.38937342166900635,0.0001220703125,0,7,0.125,0.18617020547389984,1.0,8192,1,1,90fg2lx2,2025-05-14T10:33:53Z,71130-zhoujun-logic3k-guru18k-models--Qwen--Qwen2.5-7B-think
19,1,1,367.4375,0,1,0.0,0.001179245300590992,0.1974104344844818,14,0.0,0,2228,307.83135986328125,303.1162109375,0.19230769574642181,8192,0.28793346881866455,262.6875,0,0.5464333295822144,1,0.2213628739118576,1967,0.3942188024520874,0.4514957070350647,17,0.0005341880605556071,0.284984290599823,0.0006009615608491004,313.84881591796875,405.0,0,8192,0.0,0.31536662578582764,1,24,302.0619201660156,8192,19,0.0,1,0,1519,0.05147058889269829,0.39281734824180603,0.00048828125,0,12,0.1111111119389534,0.19050480425357819,1.0,8192,1,1,90fg2lx2,2025-05-14T10:33:53Z,71130-zhoujun-logic3k-guru18k-models--Qwen--Qwen2.5-7B-think
20,4,1,342.40625,0,1,0.0,0.0,0.18591094017028809,7,0.0,0,1333,323.91400146484375,295.0450439453125,0.1427919715642929,8192,0.28313514590263367,232.23312377929688,0,0.5556209087371826,1,0.2427520751953125,2344,0.3499404191970825,0.4570234417915344,46,0.0004562043759506196,0.2969798743724823,0.0012499999720603228,298.1254577636719,399.4375,0,1425,0.0,0.2834535539150238,4,24,294.4333190917969,8192,13,0.0,1,0,1411,0.0625,0.4092046022415161,0.0003662109375,0,12,0.08749999850988388,0.21250000596046448,1.0,8192,1,1,90fg2lx2,2025-05-14T10:33:53Z,71130-zhoujun-logic3k-guru18k-models--Qwen--Qwen2.5-7B-think
21,9,1,313.65972900390625,0,1,0.0,0.002920560771599412,0.19230146706104279,37,0.00044326239731162786,0,2220,331.7273864746094,299.9609375,0.12178308516740799,8192,0.29668232798576355,278.2930908203125,0,0.5522323250770569,1,0.2626400291919708,1767,0.32711029052734375,0.47513705492019653,8,0.0004595588252414018,0.3439716398715973,0.0006067961221560836,285.1282043457031,267.16796875,0,8192,0.0,0.28757959604263306,8,28,301.5625,8192,32,0.0,1,0,8192,0.07421875,0.43314412236213684,0.0009765625,0,12,0.0902777761220932,0.25,1.0,8192,1,1,90fg2lx2,2025-05-14T10:33:53Z,71130-zhoujun-logic3k-guru18k-models--Qwen--Qwen2.5-7B-think
22,8,1,297.234375,0,1,0.0,0.0,0.18040163815021515,21,0.0,0,2217,333.9554138183594,288.810302734375,0.19339622557163239,3957,0.3015281558036804,259.9964599609375,0,0.535784900188446,1,0.2595241665840149,1325,0.3950774073600769,0.463600754737854,48,0.0,0.3125,0.000589622650295496,251.75885009765625,301.8026428222656,0,2085,0.0,0.14319953322410583,8,32,281.4767761230469,8192,22,0.0,1,0,5046,0.07236842066049576,0.42317646741867065,0.0001220703125,0,12,0.02083333395421505,0.23349057137966156,1.0,8192,1,1,90fg2lx2,2025-05-14T10:33:53Z,71130-zhoujun-logic3k-guru18k-models--Qwen--Qwen2.5-7B-think
23,9,1,307.125,0,1,0.0,0.0026939655654132366,0.20906591415405273,22,0.0,0,1171,334.8428955078125,291.1046142578125,0.20253759622573853,3540,0.3153834044933319,284.62908935546875,0,0.5725328326225281,1,0.3910769522190094,814,0.40198513865470886,0.4674227237701416,20,0.0,0.3222128450870514,0.0,247.0267791748047,294.08203125,0,8192,0.0,0.2074466347694397,9,26,289.596435546875,7755,22,0.0,1,0,1276,0.1875,0.3893529176712036,0.0006103515625,0,12,0.0446428582072258,0.18614129722118378,1.0,8192,1,1,90fg2lx2,2025-05-14T10:33:53Z,71130-zhoujun-logic3k-guru18k-models--Qwen--Qwen2.5-7B-think
24,1,1,264.5446472167969,0,1,0.0,0.0,0.20729948580265045,37,0.0,0,1304,326.2762756347656,279.531982421875,0.24586397409439087,2262,0.34324294328689575,301.234375,0,0.6134223937988281,1,0.3800508677959442,1229,0.4306972622871399,0.47691404819488525,47,0.0,0.34952229261398315,0.0,223.2293243408203,263.22320556640625,0,1968,0.0,0.3604257106781006,1,27,264.0350646972656,7376,22,0.0,1,0,1536,0.1741071492433548,0.4260691702365875,0.0,0,12,0.1517857164144516,0.2381249964237213,1.0,7376,1,1,90fg2lx2,2025-05-14T10:33:53Z,71130-zhoujun-logic3k-guru18k-models--Qwen--Qwen2.5-7B-think
25,13,1,336.1796875,0,1,0.0,0.0005252101109363139,0.20525601506233215,22,0.0,0,1528,355.4435729980469,292.336181640625,0.21421371400356293,8192,0.34123966097831726,263.249267578125,0,0.5926656126976013,1,0.35453566908836365,1307,0.41037920117378235,0.4761113226413727,4,0.0005040322430431843,0.3469967544078827,0.0007183908019214869,233.62399291992188,198.234375,0,8192,0.0,0.3032590448856354,4,35,305.98004150390625,8192,22,0.0,1,0,3335,0.14687499403953552,0.42409729957580566,0.0003662109375,0,31,0.1015625,0.23491379618644714,1.0,8192,1,1,90fg2lx2,2025-05-14T10:33:53Z,71130-zhoujun-logic3k-guru18k-models--Qwen--Qwen2.5-7B-think
26,13,1,201.71249389648438,0,1,0.0,0.0,0.20049835741519928,37,0.0,0,1273,339.95477294921875,289.407958984375,0.27620968222618103,8192,0.38147321343421936,278.02252197265625,0,0.6173402667045593,1,0.2286878526210785,735,0.44723451137542725,0.4953051209449768,44,0.0005040322430431843,0.4308510720729828,0.0,236.81199645996094,372.8419189453125,0,1842,0.0,0.42021694779396057,12,31,286.58935546875,5636,37,0.0,1,0,951,0.05514705926179886,0.43378305435180664,0.0001220703125,0,12,0.22499999403953552,0.25112614035606384,1.0,8192,1,1,90fg2lx2,2025-05-14T10:33:53Z,71130-zhoujun-logic3k-guru18k-models--Qwen--Qwen2.5-7B-think
27,13,1,235.15972900390625,0,1,0.2666666805744171,0.0,0.2037752866744995,37,0.0,0,709,342.1072692871094,278.337158203125,0.29055342078208923,1680,0.38634219765663147,274.2424621582031,0,0.6436309814453125,1,0.41798439621925354,620,0.45412611961364746,0.49759405851364136,85,0.0,0.44999998807907104,0.0005787037080153823,208.49618530273438,285.109375,0,1449,0.0,0.42176368832588196,12,38,278.48516845703125,8192,28,0.0,1,0,4149,0.2239583283662796,0.4082971215248108,0.0001220703125,0,12,0.2291666716337204,0.21122685074806213,1.0,8192,1,1,90fg2lx2,2025-05-14T10:33:53Z,71130-zhoujun-logic3k-guru18k-models--Qwen--Qwen2.5-7B-think
28,12,1,288.734375,0,1,0.0,0.0,0.19127805531024933,30,0.0,0,630,355.2129821777344,282.443115234375,0.21400000154972076,8192,0.3623431324958801,264.0178527832031,0,0.6124507784843445,1,0.44000932574272156,1261,0.4102293848991394,0.48630157113075256,68,0.0005000000237487257,0.3833598792552948,0.0,203.12100219726562,177.2395782470703,0,3765,0.0,0.30627527832984924,12,37,296.1747741699219,5968,13,0.0,1,0,3959,0.2604166567325592,0.45220014452934265,0.0001220703125,0,13,0.1041666641831398,0.2863520383834839,1.0,8192,1,1,90fg2lx2,2025-05-14T10:33:53Z,71130-zhoujun-logic3k-guru18k-models--Qwen--Qwen2.5-7B-think
29,11,1,186.21527099609375,0,1,0.0,0.0,0.20128804445266724,19,0.0,0,922,343.5024108886719,279.884765625,0.3020833432674408,2947,0.3923313617706299,301.5,0,0.5937343835830688,1,0.4059950113296509,519,0.45926520228385925,0.4963277578353882,45,0.0,0.43870192766189575,0.0,205.30435180664062,187.8125,0,1590,0.0,0.417190819978714,11,34,288.16571044921875,6320,13,0.0,1,0,3541,0.20723684132099152,0.46833568811416626,0.0,0,12,0.2222222238779068,0.32451921701431274,1.0,6320,1,1,90fg2lx2,2025-05-14T10:33:53Z,71130-zhoujun-logic3k-guru18k-models--Qwen--Qwen2.5-7B-think
30,13,1,239.40341186523438,0,1,0.0,0.0,0.2098330408334732,13,0.0,0,1373,357.42095947265625,282.981689453125,0.2621951103210449,2433,0.40485674142837524,291.89239501953125,0,0.6220057010650635,1,0.40593767166137695,461,0.4399399757385254,0.49581456184387207,48,0.0,0.4346774220466614,0.0006443298771046102,190.72967529296875,290.0913391113281,0,1476,0.0,0.34415340423583984,12,38,277.0658264160156,8192,37,0.0,1,0,1244,0.20673076808452606,0.474578857421875,0.0001220703125,0,12,0.13636364042758942,0.34213918447494507,1.0,8192,1,1,90fg2lx2,2025-05-14T10:33:53Z,71130-zhoujun-logic3k-guru18k-models--Qwen--Qwen2.5-7B-think
31,13,1,257.40625,0,1,0.1666666716337204,0.0,0.19950862228870392,19,0.0,0,939,357.0841979980469,294.4185791015625,0.2781762182712555,2782,0.42092379927635193,354.78472900390625,0,0.6552497744560242,1,0.48513466119766235,1295,0.4482154846191406,0.4997400641441345,47,0.0,0.4808673560619354,0.0017361111240461469,185.98924255371094,201.32083129882812,0,1510,0.0,0.322907418012619,13,32,287.1824645996094,8192,22,0.0,1,0,4869,0.375,0.45223701000213623,0.0003662109375,0,15,0.1171875,0.2864583432674408,1.0,8192,1,1,90fg2lx2,2025-05-14T10:33:53Z,71130-zhoujun-logic3k-guru18k-models--Qwen--Qwen2.5-7B-think
32,13,1,263.28570556640625,0,1,0.0,0.0,0.20348720252513885,70,0.0,0,925,363.5294494628906,284.2740478515625,0.3229961693286896,1428,0.4178510904312134,300.7669982910156,0,0.6342133283615112,1,0.4729849398136139,522,0.46773284673690796,0.4978313148021698,46,0.0,0.45241934061050415,0.0,185.0830078125,219.97767639160156,0,1289,0.0,0.4057779312133789,12,29,284.840087890625,6726,12,0.0,1,0,1249,0.3348214328289032,0.4574904441833496,0.0,0,13,0.2053571492433548,0.29793688654899597,1.0,6726,1,1,90fg2lx2,2025-05-14T10:33:53Z,71130-zhoujun-logic3k-guru18k-models--Qwen--Qwen2.5-7B-think
33,13,1,213.3046875,0,1,0.2380952388048172,0.0,0.21026697754859924,13,0.0003955696302000433,0,510,359.0981140136719,281.73779296875,0.3238188922405243,2429,0.44731229543685913,297.46905517578125,0,0.6765978932380676,1,0.4753672480583191,532,0.46804702281951904,0.49999311566352844,46,0.0,0.48971518874168396,0.002920560771599412,192.21160888671875,188.4204559326172,0,1418,0.0,0.4793342351913452,13,58,272.20916748046875,8192,19,0.0,1,0,8192,0.34090909361839294,0.47140437364578247,0.000732421875,0,13,0.3515625,0.3329439163208008,1.0,8192,1,1,90fg2lx2,2025-05-14T10:33:53Z,71130-zhoujun-logic3k-guru18k-models--Qwen--Qwen2.5-7B-think
34,13,1,222.47265625,0,1,0.0,0.0,0.20997503399848938,19,0.0,0,8192,368.8264465332031,276.727294921875,0.3695436418056488,8192,0.43939757347106934,256.5165100097656,0,0.6575980186462402,1,0.3183613121509552,722,0.4828009605407715,0.49969446659088135,40,0.0004960317746736109,0.4797297418117523,0.0007183908019214869,191.14682006835938,283.95220947265625,0,1491,0.0036764706019312143,0.3400367498397827,13,57,273.8125,8192,34,0.0,1,0,3883,0.11397058516740799,0.456644743680954,0.0003662109375,0,35,0.1328125,0.29597702622413635,1.0,8192,1,1,90fg2lx2,2025-05-14T10:33:53Z,71130-zhoujun-logic3k-guru18k-models--Qwen--Qwen2.5-7B-think
35,13,1,237.85000610351562,0,1,0.25,0.0,0.20333512127399445,37,0.0,0,847,370.28204345703125,288.29931640625,0.32666015625,922,0.4756820797920227,281.6389465332031,0,0.657046914100647,1,0.2942437529563904,486,0.4691063165664673,0.4968063533306122,49,0.0,0.5572916865348816,0.0006067961221560836,197.35400390625,287.0723571777344,0,1613,0.0,0.49298882484436035,13,57,286.45050048828125,8192,22,0.0,1,0,1242,0.09539473801851273,0.49567514657974243,0.0001220703125,0,13,0.4000000059604645,0.4332524240016937,1.0,8192,1,1,90fg2lx2,2025-05-14T10:33:53Z,71130-zhoujun-logic3k-guru18k-models--Qwen--Qwen2.5-7B-think
36,13,1,205.61874389648438,0,1,0.2666666805744171,0.0,0.19463151693344116,22,0.0,0,855,372.25323486328125,294.199462890625,0.34589695930480957,5783,0.4688514769077301,320.98712158203125,0,0.6849703192710876,1,0.44770777225494385,407,0.47577330470085144,0.49885299801826477,93,0.0,0.5353084206581116,0.0012886597542092204,200.54150390625,200.22793579101562,0,1763,0.0,0.37570688128471375,13,57,295.498779296875,8192,13,0.0,1,0,3787,0.2757352888584137,0.48149847984313965,0.000244140625,0,33,0.16875000298023224,0.36469072103500366,1.0,8192,1,1,90fg2lx2,2025-05-14T10:33:53Z,71130-zhoujun-logic3k-guru18k-models--Qwen--Qwen2.5-7B-think
37,13,1,244.66250610351562,0,1,0.0,0.0,0.21473829448223114,19,0.0,0,505,361.7680969238281,320.37939453125,0.3663194477558136,8192,0.5030130743980408,385.9474792480469,0,0.6938849091529846,1,0.5010623335838318,671,0.4819376766681671,0.49392959475517273,109,0.0011574074160307646,0.5782103538513184,0.0015756302746012807,203.05960083007812,174.6354217529297,0,4526,0.0,0.0,13,98,313.5713195800781,8192,22,0.0,0,0,1165,0.484375,0.4896368086338043,0.0006103515625,0,34,0.0,0.3981092572212219,1.0,8192,1,1,90fg2lx2,2025-05-14T10:33:53Z,71130-zhoujun-logic3k-guru18k-models--Qwen--Qwen2.5-7B-think
38,13,1,214.97222900390625,0,1,0.0,0.0,0.20315204560756683,13,0.0,0,1087,389.625,303.943603515625,0.4464285671710968,540,0.5117800235748291,359.2703552246094,0,0.675481915473938,1,0.437465101480484,472,0.4972451627254486,0.49974486231803894,83,0.0,0.5189144611358643,0.0007022471982054412,173.85813903808594,276.4539489746094,0,4031,0.0,0.4947274327278137,13,97,301.9449768066406,8192,13,0.0,1,0,3722,0.2565789520740509,0.4966825544834137,0.0001220703125,0,32,0.4166666567325592,0.4410112500190735,1.0,8192,1,1,90fg2lx2,2025-05-14T10:33:53Z,71130-zhoujun-logic3k-guru18k-models--Qwen--Qwen2.5-7B-think
39,13,1,214.6433868408203,0,1,0.0,0.0,0.19494855403900146,37,0.0,0,757,370.980224609375,299.1544189453125,0.4089285731315613,8192,0.512943685054779,377.1434631347656,0,0.7444883584976196,1,0.476633220911026,544,0.49174582958221436,0.4980861246585846,45,0.0013392857508733869,0.5449640154838562,0.0007102272938936949,202.1750030517578,251.33749389648438,0,3543,0.0,0.4272408187389374,12,89,289.2804260253906,8192,22,0.0,1,0,3703,0.34583333134651184,0.4923577606678009,0.00048828125,0,12,0.2389705926179886,0.4119318127632141,1.0,8192,1,1,90fg2lx2,2025-05-14T10:33:53Z,71130-zhoujun-logic3k-guru18k-models--Qwen--Qwen2.5-7B-think
40,13,1,328.515625,0,1,0.25,0.0,0.20254753530025482,34,0.0,0,451,382.2840881347656,295.62841796875,0.3065732717514038,753,0.46857255697250366,322.3669128417969,0,0.6994174122810364,1,0.48865458369255066,8192,0.46119487285614014,0.4999256432056427,75,0.0,0.5135489702224731,0.0005787037080153823,187.3744659423828,185.6062469482422,0,1372,0.0,0.46881362795829773,12,100,287.5198974609375,8192,12,0.0052083334885537624,1,0,1313,0.390625,0.4835065007209778,0.000244140625,0,45,0.3229166567325592,0.37210649251937866,1.0,8192,1,1,90fg2lx2,2025-05-14T10:33:53Z,71130-zhoujun-logic3k-guru18k-models--Qwen--Qwen2.5-7B-think
41,14,1,173.828125,0,1,0.0,0.003004807746037841,0.2188376784324646,38,0.0,0,597,369.9388122558594,301.659423828125,0.3107638955116272,2284,0.462868332862854,350.01922607421875,0,0.6921980977058411,1,0.26541972160339355,381,0.4629068076610565,0.4965132176876068,32,0.0,0.5598591566085815,0.0024038462433964014,191.4518280029297,291.44195556640625,0,8192,0.0,0.0,14,100,318.9591369628906,8192,22,0.0,0,0,1535,0.0758928582072258,0.4859278202056885,0.0010986328125,0,37,0.0,0.38161057233810425,1.0,8192,1,1,90fg2lx2,2025-05-14T10:33:53Z,71130-zhoujun-logic3k-guru18k-models--Qwen--Qwen2.5-7B-think
42,12,1,244.69642639160156,0,1,0.0,0.0,0.20825423300266266,38,0.0,0,332,392.17608642578125,287.8594970703125,0.4403626024723053,8192,0.5215452909469604,290.92333984375,0,0.6806545257568359,1,0.46265193819999695,509,0.4965490996837616,0.4972737729549408,95,0.0004770992381963879,0.5530660152435303,0.0012886597542092204,178.7156524658203,145.60096740722656,0,2668,0.0,0.453784316778183,12,87,283.7243957519531,8192,19,0.0,1,0,5811,0.3076923191547394,0.49794313311576843,0.0003662109375,0,36,0.2857142984867096,0.4529639184474945,1.0,8192,1,1,90fg2lx2,2025-05-14T10:33:53Z,71130-zhoujun-logic3k-guru18k-models--Qwen--Qwen2.5-7B-think
43,13,1,147.78125,0,1,0.2142857164144516,0.0,0.21008294820785522,13,0.0,0,373,392.5705261230469,289.3699951171875,0.38822993636131287,8192,0.5375390648841858,301.5309753417969,0,0.7160751223564148,1,0.48241814970970154,372,0.48745855689048767,0.48602262139320374,97,0.0013686130987480283,0.6178209185600281,0.003739316249266267,189.15966796875,141.83522033691406,0,1645,0.0,0.4955946207046509,13,116,284.0443420410156,8192,26,0.0,1,0,4686,0.6363636255264282,0.4989630877971649,0.001220703125,0,33,0.4166666567325592,0.46581196784973145,1.0,8192,1,1,90fg2lx2,2025-05-14T10:33:53Z,71130-zhoujun-logic3k-guru18k-models--Qwen--Qwen2.5-7B-think
44,13,1,176.6640625,0,1,0.261904776096344,0.0,0.2011861503124237,38,0.0,0,692,376.50433349609375,290.2896728515625,0.36945563554763794,746,0.5309597253799438,317.3567199707031,0,0.7291384339332581,1,0.44744741916656494,471,0.4827790856361389,0.485019326210022,69,0.0,0.6218553185462952,0.002358490601181984,185.98739624023438,154.22084045410156,0,1227,0.0,0.3320184051990509,13,77,283.3525085449219,8192,14,0.0,1,0,3446,0.2750000059604645,0.498808890581131,0.00048828125,0,30,0.125,0.463443398475647,1.0,8192,1,1,90fg2lx2,2025-05-14T10:33:53Z,71130-zhoujun-logic3k-guru18k-models--Qwen--Qwen2.5-7B-think
45,13,1,227.86666870117188,0,1,0.0,0.0,0.20179124176502228,55,0.0,0,708,393.7710876464844,283.675537109375,0.4114173352718353,739,0.5421596169471741,253.31753540039062,0,0.732420027256012,1,0.501413106918335,511,0.4922116696834564,0.4969382882118225,97,0.0,0.556130588054657,0.0,177.5364227294922,238.96875,0,2069,0.0,0.5004182457923889,13,114,284.71014404296875,6712,23,0.0,1,0,2123,0.48750001192092896,0.4993938207626343,0.0,0,47,0.4749999940395355,0.4719827473163605,1.0,6712,1,1,90fg2lx2,2025-05-14T10:33:53Z,71130-zhoujun-logic3k-guru18k-models--Qwen--Qwen2.5-7B-think
46,13,1,194.51136779785156,0,1,0.2916666567325592,0.0,0.19534888863563538,20,0.0,0,605,377.2565002441406,269.14501953125,0.4154411852359772,517,0.5349845886230469,237.2024688720703,0,0.7172753810882568,1,0.5012062788009644,377,0.4929112195968628,0.49319788813591003,90,0.0,0.5827922224998474,0.0006510416860692203,167.2159881591797,191.7548065185547,0,1699,0.0,0.48241814970970154,13,97,289.79901123046875,8192,13,0.0,1,0,5117,0.5,0.49842312932014465,0.0001220703125,0,33,0.3636363744735718,0.4583333432674408,1.0,8192,1,1,90fg2lx2,2025-05-14T10:33:53Z,71130-zhoujun-logic3k-guru18k-models--Qwen--Qwen2.5-7B-think
47,13,1,253.484375,0,1,0.30000001192092896,0.0,0.20152972638607025,43,0.0,0,582,386.6138610839844,287.5272216796875,0.42788460850715637,2838,0.5473209619522095,254.5787811279297,0,0.7366132736206055,1,0.4042071998119354,672,0.4949042499065399,0.48831993341445923,104,0.0,0.6078821420669556,0.0006510416860692203,178.06089782714844,253.33999633789062,0,1501,0.0,0.0,13,114,301.6651306152344,8192,22,0.0,0,0,4581,0.20499999821186066,0.4999758303165436,0.0001220703125,0,50,0.0,0.513671875,1.0,8192,1,1,90fg2lx2,2025-05-14T10:33:53Z,71130-zhoujun-logic3k-guru18k-models--Qwen--Qwen2.5-7B-think
48,13,1,313.1875,0,1,0.23999999463558197,0.0,0.19703906774520874,23,0.0,0,822,398.21502685546875,298.1104736328125,0.41683468222618103,555,0.5301578044891357,308.8076477050781,0,0.7340025305747986,1,0.4035946726799011,554,0.49315932393074036,0.49225130677223206,78,0.0,0.5882866978645325,0.0006067961221560836,179.17640686035156,270.96710205078125,0,1489,0.0,0.0,13,116,296.02777099609375,8192,23,0.0,0,0,3986,0.20394736528396606,0.497159481048584,0.0001220703125,0,36,0.0,0.4453883469104767,1.0,8192,1,1,90fg2lx2,2025-05-14T10:33:53Z,71130-zhoujun-logic3k-guru18k-models--Qwen--Qwen2.5-7B-think
49,13,1,169.29464721679688,0,1,0.2777777910232544,0.0,0.19737112522125244,38,0.0,0,654,395.2270812988281,288.403076171875,0.41413044929504395,758,0.5663578510284424,275.614990234375,0,0.7432162761688232,1,0.49989110231399536,497,0.4927051365375519,0.48643526434898376,94,0.0,0.6160714030265808,0.001179245300590992,170.44239807128906,180.6354217529297,0,1687,0.0,0.49571847915649414,13,125,293.1261901855469,8192,14,0.0,1,0,4853,0.53125,0.5001349449157715,0.000244140625,0,42,0.4196428656578064,0.49646225571632385,1.0,8192,1,1,90fg2lx2,2025-05-14T10:33:53Z,71130-zhoujun-logic3k-guru18k-models--Qwen--Qwen2.5-7B-think
50,17,1,224.0,0,1,0.2142857164144516,0.0,0.18973176181316376,23,0.0,0,899,400.4391174316406,294.0262451171875,0.46728515625,776,0.5929431915283203,258.5043640136719,0,0.7409671545028687,1,0.40125587582588196,616,0.49905043840408325,0.47518864274024963,104,0.0,0.6558441519737244,0.0006249999860301614,181.095703125,310.9937438964844,0,1565,0.0,0.4341447651386261,17,115,315.23321533203125,8192,58,0.0,1,0,1325,0.20000000298023224,0.49411165714263916,0.0001220703125,0,53,0.25,0.5774999856948853,1.0,8192,1,1,90fg2lx2,2025-05-14T10:33:53Z,71130-zhoujun-logic3k-guru18k-models--Qwen--Qwen2.5-7B-think
51,14,1,228.625,0,1,0.2750000059604645,0.0,0.20058032870292664,13,0.0,0,509,397.7871398925781,285.7781982421875,0.3990384638309479,482,0.563073456287384,250.38368225097656,0,0.7522438764572144,1,0.44314080476760864,544,0.4898184537887573,0.4688678979873657,90,0.0,0.6739510297775269,0.0,174.67404174804688,257.7833251953125,0,1371,0.0,0.4952393174171448,13,86,318.9023132324219,7124,38,0.0,1,0,5536,0.2666666805744171,0.5000693798065186,0.0,0,51,0.42307692766189575,0.4913194477558136,1.0,7124,1,1,90fg2lx2,2025-05-14T10:33:53Z,71130-zhoujun-logic3k-guru18k-models--Qwen--Qwen2.5-7B-think
52,12,1,249.5892791748047,0,1,0.2800000011920929,0.0,0.2024785429239273,37,0.0,0,674,398.65130615234375,294.725830078125,0.42765748500823975,686,0.5642467737197876,222.12164306640625,0,0.7432208061218262,1,0.4913311004638672,504,0.4948606491088867,0.48752525448799133,98,0.0,0.6114309430122375,0.0,189.84498596191406,183.39453125,0,2426,0.0,0.3514998257160187,12,103,349.1928405761719,5567,23,0.0,1,0,5172,0.40234375,0.5001030564308167,0.0,0,55,0.1428571492433548,0.5080645084381104,1.0,5567,1,1,90fg2lx2,2025-05-14T10:33:53Z,71130-zhoujun-logic3k-guru18k-models--Qwen--Qwen2.5-7B-think
53,13,1,196.85000610351562,0,1,0.0,0.0,0.17901241779327393,23,0.0,0,840,388.3563232421875,285.82177734375,0.4335664212703705,656,0.5901065468788147,233.38235473632812,0,0.7829592823982239,1,0.4360972046852112,488,0.495675265789032,0.47520458698272705,100,0.0,0.6558159589767456,0.0006127451197244227,182.53933715820312,218.44921875,0,1597,0.0,0.4674549698829651,13,100,361.29510498046875,8192,23,0.0,1,0,3869,0.25390625,0.4872720241546631,0.0001220703125,0,50,0.3187499940395355,0.6127451062202454,1.0,8192,1,1,90fg2lx2,2025-05-14T10:33:53Z,71130-zhoujun-logic3k-guru18k-models--Qwen--Qwen2.5-7B-think
54,1,1,284.5625,0,1,0.0,0.0,0.2030017077922821,38,0.0,0,564,376.7785949707031,290.7349853515625,0.4241803288459778,753,0.5829196572303772,228.2532501220703,0,0.7536670565605164,1,0.4913104772567749,673,0.4943445920944214,0.4742909371852875,88,0.0,0.6585366129875183,0.0006510416860692203,191.5998992919922,218.34027099609375,0,1683,0.0,0.4025236964225769,1,117,340.4129638671875,8192,14,0.0,1,0,5875,0.4027777910232544,0.49980613589286804,0.0001220703125,0,50,0.20000000298023224,0.5188801884651184,1.0,8192,1,1,90fg2lx2,2025-05-14T10:33:53Z,71130-zhoujun-logic3k-guru18k-models--Qwen--Qwen2.5-7B-think
55,17,1,156.9375,0,1,0.0,0.000589622650295496,0.18126100301742554,34,0.0,0,757,398.3957214355469,292.1229248046875,0.4859813153743744,812,0.6272027492523193,211.3491973876953,0,0.7677148580551147,1,0.49823519587516785,388,0.49994948506355286,0.4595176577568054,96,0.0,0.6972891688346863,0.0,171.7716064453125,254.9419708251953,0,8192,0.0,0.45969638228416443,14,112,347.90625,5810,14,0.0,1,0,4284,0.5535714030265808,0.4962925910949707,0.0001220703125,0,52,0.30000001192092896,0.5619266033172607,1.0,8192,1,1,90fg2lx2,2025-05-14T10:33:53Z,71130-zhoujun-logic3k-guru18k-models--Qwen--Qwen2.5-7B-think
56,13,1,204.89285278320312,0,1,0.32499998807907104,0.0,0.19021712243556976,20,0.0,0,847,394.56170654296875,287.0552978515625,0.4672619104385376,2311,0.6123806834220886,207.61488342285156,0,0.7588727474212646,1,0.49005094170570374,409,0.4990508556365967,0.4648892283439636,102,0.0,0.6842948794364929,0.0011904762359336019,194.3705291748047,218.44166564941406,0,1363,0.0,0.453784316778183,13,111,334.1705017089844,8192,14,0.0,1,0,4666,0.3958333432674408,0.49221765995025635,0.000244140625,0,50,0.2857142984867096,0.588690459728241,1.0,8192,1,1,90fg2lx2,2025-05-14T10:33:53Z,71130-zhoujun-logic3k-guru18k-models--Qwen--Qwen2.5-7B-think
57,13,1,322.7083435058594,0,1,0.23999999463558197,0.0,0.20219101011753082,58,0.0,0,412,367.7027893066406,285.1822509765625,0.4641047418117523,754,0.5981393456459045,255.58099365234375,0,0.762475848197937,1,0.4807664453983307,710,0.4988152086734772,0.461958646774292,99,0.0,0.6915467381477356,0.0,195.12246704101562,206.59091186523438,0,1270,0.0,0.374634325504303,13,94,334.2619323730469,5000,42,0.0,1,0,3989,0.3579545319080353,0.4987889528274536,0.0,0,64,0.1666666716337204,0.5369898080825806,1.0,5000,1,1,90fg2lx2,2025-05-14T10:33:53Z,71130-zhoujun-logic3k-guru18k-models--Qwen--Qwen2.5-7B-think
58,14,1,225.26388549804688,0,1,0.0,0.0,0.17870166897773743,40,0.0,0,841,379.9264831542969,274.2918701171875,0.4348021447658539,465,0.5977683067321777,207.96133422851562,0,0.7684710621833801,1,0.45648500323295593,576,0.49584251642227173,0.45589736104011536,108,0.0,0.7055457830429077,0.0,169.80531311035156,252.30514526367188,0,1147,0.0,0.49780988693237305,14,109,337.00115966796875,5771,24,0.0,1,0,4839,0.29411765933036804,0.49749618768692017,0.0,0,41,0.4375,0.5515463948249817,1.0,5771,1,1,90fg2lx2,2025-05-14T10:33:53Z,71130-zhoujun-logic3k-guru18k-models--Qwen--Qwen2.5-7B-think
59,29,1,241.75,0,1,0.0,0.0,0.19168953597545624,37,0.0,0,676,378.2342834472656,280.7855224609375,0.38119834661483765,686,0.5744365453720093,203.3335418701172,0,0.7729272842407227,1,0.4538295567035675,471,0.4858066141605377,0.4839065372943878,96,0.0,0.6262096762657166,0.0,187.88894653320312,217.7916717529297,0,5983,0.0,0.49817851185798645,22,114,336.2305908203125,4427,22,0.0,1,0,3741,0.2886904776096344,0.49049919843673706,0.0,0,61,0.4431818127632141,0.5977723002433777,1.0,5983,1,1,90fg2lx2,2025-05-14T10:33:53Z,71130-zhoujun-logic3k-guru18k-models--Qwen--Qwen2.5-7B-think
60,13,1,234.7329559326172,0,1,0.3055555522441864,0.0,0.19872072339057922,26,0.0,0,509,383.0882873535156,277.05859375,0.4506048262119293,560,0.6112934350967407,173.35789489746094,0,0.7667731046676636,1,0.4805128574371338,506,0.49767956137657166,0.46743538975715637,100,0.0,0.677734375,0.0,188.70262145996094,185.60000610351562,0,927,0.0,0.4908249080181122,13,102,330.1466064453125,3797,35,0.0,1,0,4463,0.3583333194255829,0.49032601714134216,0.0,0,14,0.39772728085517883,0.5986841917037964,1.0,4463,1,1,90fg2lx2,2025-05-14T10:33:53Z,71130-zhoujun-logic3k-guru18k-models--Qwen--Qwen2.5-7B-think
